[
  {
    "name": "Dummy Library",
    "uuid": "2bb8bccf-1c3f-4bc9-959a-f388e37af3ad",
    "version": "0.0.1",
    "download_url": "https://github.com/VOICEVOX/voicevox_engine/archive/d7cf31c058bc83e1abf8e14d4231a06409c4cc2d.zip",
    "bytes": 1000,
    "speakers": [
      {
        "speaker": {
          "name": "dummy1",
          "speaker_uuid": "7ffcb7ce-00ec-4bdc-82cd-45a8889e43ff",
          "styles": [
            {
              "name": "style1",
              "id": 0
            },
            {
              "name": "style2",
              "id": 2
            }
          ],
          "version": "0.0.1"
        },
        "speaker_info": {
          "policy": "",
          "portrait": "",
          "style_infos": [
            {
              "id": 0,
              "icon": "",
              "voice_samples": ["", "", ""]
            },
            {
              "id": 2,
              "icon": "",
              "voice_samples": ["", "", ""]
            }
          ]
        }
      }
    ]
  }
]
