[
  {
    "version": "0.14.5",
    "descriptions": [
      "キャラクター「中国うさぎ」を追加",
      "キャラクター「波音リツ」「もち子さん」のスタイルを追加"
    ],
    "contributors": []
  },
  {
    "version": "0.14.4",
    "descriptions": [
      "キャラクター「春歌ナナ」「猫使アル」「猫使ビィ」を追加",
      "バグ修正"
    ],
    "contributors": ["Hiroshiba"]
  },
  {
    "version": "0.14.3",
    "descriptions": [
      "キャラクター「†聖騎士 紅桜†」「雀松朱司」「麒ヶ島宗麟」を追加",
      "同時書き込みで辞書が破損する問題を修正"
    ],
    "contributors": ["Hiroshiba"]
  },
  {
    "version": "0.14.2",
    "descriptions": ["DirectML版の生成が遅い問題を修正"],
    "contributors": []
  },
  {
    "version": "0.14.1",
    "descriptions": ["AquesTalkライクな記法で生成した音声のバグを修正"],
    "contributors": []
  },
  {
    "version": "0.14.0",
    "descriptions": [
      "コアをRust言語に移行",
      "セキュリティアップデート",
      "スタイルごとに異なる立ち絵の提供を可能に",
      "VVPPファイルの提供",
      "設定GUIの提供",
      "プリセットの保存",
      "モーフィングAPIの仕様変更",
      "DirectML利用時に適したGPUを自動選択",
      "開発環境の向上",
      "バグ修正"
    ],
    "contributors": [
      "aoirint",
      "Appletigerv",
      "haru3me",
      "Hiroshiba",
      "ksk001100",
      "masinc",
      "misogihagi",
      "My-MC",
      "nebocco",
      "PickledChair",
      "qryxip",
      "qwerty2501",
      "sabonerune",
      "sarisia",
      "Segu-g",
      "sevenc-nanashi",
      "shigobu",
      "smly",
      "takana-v",
      "ts-klassen",
      "whiteball",
      "y-chan"
    ]
  }
]
